{
  "assetsByChunkName": {
    "path---community-support-html": [
      "path---community-support-html-189b1303e30cacad29e2.js",
      "path---community-support-html-189b1303e30cacad29e2.js.map"
    ],
    "path---blog-2013-12-19-react-v-0-8-0-html": [
      "path---blog-2013-12-19-react-v-0-8-0-html-47f3a2a4144c57d2a71d.js",
      "path---blog-2013-12-19-react-v-0-8-0-html-47f3a2a4144c57d2a71d.js.map"
    ],
    "path---blog-2013-11-18-community-roundup-11-html": [
      "path---blog-2013-11-18-community-roundup-11-html-3c506e010acca7dd1234.js",
      "path---blog-2013-11-18-community-roundup-11-html-3c506e010acca7dd1234.js.map"
    ],
    "path---docs-videos-zh-cn-html": [
      "path---docs-videos-zh-cn-html-33a949f7b463712ffe42.js",
      "path---docs-videos-zh-cn-html-33a949f7b463712ffe42.js.map"
    ],
    "path---blog-2014-07-30-flux-actions-and-the-dispatcher-html": [
      "path---blog-2014-07-30-flux-actions-and-the-dispatcher-html-9ecf9268071dac77f977.js",
      "path---blog-2014-07-30-flux-actions-and-the-dispatcher-html-9ecf9268071dac77f977.js.map"
    ],
    "path---tutorial-tutorial-html": [
      "path---tutorial-tutorial-html-c569818b180625f85bed.js",
      "path---tutorial-tutorial-html-c569818b180625f85bed.js.map"
    ],
    "path---docs-error-boundaries-html": [
      "path---docs-error-boundaries-html-d04594869590db8b7cd2.js",
      "path---docs-error-boundaries-html-d04594869590db8b7cd2.js.map"
    ],
    "path---blog-2013-11-06-community-roundup-10-html": [
      "path---blog-2013-11-06-community-roundup-10-html-b40e62c96d1d9cfa1ebd.js",
      "path---blog-2013-11-06-community-roundup-10-html-b40e62c96d1d9cfa1ebd.js.map"
    ],
    "path---docs-typechecking-with-proptypes-html": [
      "path---docs-typechecking-with-proptypes-html-393b7315e2bdb80a22b5.js",
      "path---docs-typechecking-with-proptypes-html-393b7315e2bdb80a22b5.js.map"
    ],
    "path---docs-animation-html": [
      "path---docs-animation-html-f9dfdfb8b4a1d2f5d6c3.js",
      "path---docs-animation-html-f9dfdfb8b4a1d2f5d6c3.js.map"
    ],
    "path---docs-complementary-tools-it-it-html": [
      "path---docs-complementary-tools-it-it-html-ba64ee9528dcce71b366.js",
      "path---docs-complementary-tools-it-it-html-ba64ee9528dcce71b366.js.map"
    ],
    "path---blog-2014-09-16-react-v-0-11-2-html": [
      "path---blog-2014-09-16-react-v-0-11-2-html-9de3fc40f54259b7e399.js",
      "path---blog-2014-09-16-react-v-0-11-2-html-9de3fc40f54259b7e399.js.map"
    ],
    "path---blog-2013-08-05-community-roundup-6-html": [
      "path---blog-2013-08-05-community-roundup-6-html-294d5a39a3edabacbc54.js",
      "path---blog-2013-08-05-community-roundup-6-html-294d5a39a3edabacbc54.js.map"
    ],
    "path---blog-2015-03-03-react-v-0-13-rc-2-html": [
      "path---blog-2015-03-03-react-v-0-13-rc-2-html-f365a2165ecbb83abf57.js",
      "path---blog-2015-03-03-react-v-0-13-rc-2-html-f365a2165ecbb83abf57.js.map"
    ],
    "path---blog-2013-06-27-community-roundup-3-html": [
      "path---blog-2013-06-27-community-roundup-3-html-bfd48b2a108f9024a69e.js",
      "path---blog-2013-06-27-community-roundup-3-html-bfd48b2a108f9024a69e.js.map"
    ],
    "path---docs-higher-order-components-html": [
      "path---docs-higher-order-components-html-3318da285269c6af6a0a.js",
      "path---docs-higher-order-components-html-3318da285269c6af6a0a.js.map"
    ],
    "path---blog-2014-05-06-flux-html": [
      "path---blog-2014-05-06-flux-html-c36e4d1bd11ba2a5104d.js",
      "path---blog-2014-05-06-flux-html-c36e4d1bd11ba2a5104d.js.map"
    ],
    "path---blog-2014-07-17-react-v-0-11-html": [
      "path---blog-2014-07-17-react-v-0-11-html-70ebac0fe6542889ad70.js",
      "path---blog-2014-07-17-react-v-0-11-html-70ebac0fe6542889ad70.js.map"
    ],
    "path---blog-2015-04-17-react-native-v-0-4-html": [
      "path---blog-2015-04-17-react-native-v-0-4-html-b65edef6e668d9853179.js",
      "path---blog-2015-04-17-react-native-v-0-4-html-b65edef6e668d9853179.js.map"
    ],
    "path---blog-2014-10-27-react-js-conf-html": [
      "path---blog-2014-10-27-react-js-conf-html-a2d64aa788cad87d9fee.js",
      "path---blog-2014-10-27-react-js-conf-html-a2d64aa788cad87d9fee.js.map"
    ],
    "path---docs-design-principles-html": [
      "path---docs-design-principles-html-d0e1dfa67916b8ac2590.js",
      "path---docs-design-principles-html-d0e1dfa67916b8ac2590.js.map"
    ],
    "path---docs-conferences-zh-cn-html": [
      "path---docs-conferences-zh-cn-html-c6fbae0965201f909137.js",
      "path---docs-conferences-zh-cn-html-c6fbae0965201f909137.js.map"
    ],
    "path---docs-integrating-with-other-libraries-html": [
      "path---docs-integrating-with-other-libraries-html-94feed5711e63d962ccd.js",
      "path---docs-integrating-with-other-libraries-html-94feed5711e63d962ccd.js.map"
    ],
    "path---docs-faq-structure-html": [
      "path---docs-faq-structure-html-104c89af6ab1bb25cdef.js",
      "path---docs-faq-structure-html-104c89af6ab1bb25cdef.js.map"
    ],
    "path---blog-2015-11-18-react-v-0-14-3-html": [
      "path---blog-2015-11-18-react-v-0-14-3-html-d8a69fb265ef736c61b6.js",
      "path---blog-2015-11-18-react-v-0-14-3-html-d8a69fb265ef736c61b6.js.map"
    ],
    "path---blog-2014-11-24-react-js-conf-updates-html": [
      "path---blog-2014-11-24-react-js-conf-updates-html-7b83400f5cc8a747bb38.js",
      "path---blog-2014-11-24-react-js-conf-updates-html-7b83400f5cc8a747bb38.js.map"
    ],
    "path---docs-react-without-es-6-html": [
      "path---docs-react-without-es-6-html-31c87b013f0a2e798fc4.js",
      "path---docs-react-without-es-6-html-31c87b013f0a2e798fc4.js.map"
    ],
    "path---docs-how-to-contribute-html": [
      "path---docs-how-to-contribute-html-db7f4404903966644df4.js",
      "path---docs-how-to-contribute-html-db7f4404903966644df4.js.map"
    ],
    "path---blog-2017-05-18-whats-new-in-create-react-app-html": [
      "path---blog-2017-05-18-whats-new-in-create-react-app-html-a3f1a0cab07a01e96c11.js",
      "path---blog-2017-05-18-whats-new-in-create-react-app-html-a3f1a0cab07a01e96c11.js.map"
    ],
    "path---blog-2016-09-28-our-first-50000-stars-html": [
      "path---blog-2016-09-28-our-first-50000-stars-html-ce027542b0fa551fad13.js",
      "path---blog-2016-09-28-our-first-50000-stars-html-ce027542b0fa551fad13.js.map"
    ],
    "path---docs-forms-html": [
      "path---docs-forms-html-516de69031a66ffac12e.js",
      "path---docs-forms-html-516de69031a66ffac12e.js.map"
    ],
    "component---src-templates-blog-js": [
      "component---src-templates-blog-js-b3bc1e192585e3b95579.js",
      "component---src-templates-blog-js-b3bc1e192585e3b95579.js.map"
    ],
    "path---docs-lifting-state-up-html": [
      "path---docs-lifting-state-up-html-dba4cc5d50bd6b6aa986.js",
      "path---docs-lifting-state-up-html-dba4cc5d50bd6b6aa986.js.map"
    ],
    "path---blog-2016-07-13-mixins-considered-harmful-html": [
      "path---blog-2016-07-13-mixins-considered-harmful-html-e4058534dd58a1ee6083.js",
      "path---blog-2016-07-13-mixins-considered-harmful-html-e4058534dd58a1ee6083.js.map"
    ],
    "path---blog-2015-03-16-react-v-0-13-1-html": [
      "path---blog-2015-03-16-react-v-0-13-1-html-16f5f16d2cd8edb48541.js",
      "path---blog-2015-03-16-react-v-0-13-1-html-16f5f16d2cd8edb48541.js.map"
    ],
    "path---blog-2014-02-05-community-roundup-15-html": [
      "path---blog-2014-02-05-community-roundup-15-html-7eb99a32d5e8b5120532.js",
      "path---blog-2014-02-05-community-roundup-15-html-7eb99a32d5e8b5120532.js.map"
    ],
    "path---docs-test-renderer-html": [
      "path---docs-test-renderer-html-2fbede58678f7417590e.js",
      "path---docs-test-renderer-html-2fbede58678f7417590e.js.map"
    ],
    "path---blog-2014-10-16-react-v-0-12-rc-1-html": [
      "path---blog-2014-10-16-react-v-0-12-rc-1-html-bc3dc436aa69b9b2702c.js",
      "path---blog-2014-10-16-react-v-0-12-rc-1-html-bc3dc436aa69b9b2702c.js.map"
    ],
    "path---docs-cross-origin-errors-html": [
      "path---docs-cross-origin-errors-html-45f6627f83213e630293.js",
      "path---docs-cross-origin-errors-html-45f6627f83213e630293.js.map"
    ],
    "path---blog-2015-10-19-reactiflux-is-moving-to-discord-html": [
      "path---blog-2015-10-19-reactiflux-is-moving-to-discord-html-6acd57ae814a9543e997.js",
      "path---blog-2015-10-19-reactiflux-is-moving-to-discord-html-6acd57ae814a9543e997.js.map"
    ],
    "path---blog-2016-04-07-react-v-15-html": [
      "path---blog-2016-04-07-react-v-15-html-69d4d8653a7521b31f07.js",
      "path---blog-2016-04-07-react-v-15-html-69d4d8653a7521b31f07.js.map"
    ],
    "path---blog-2014-03-14-community-roundup-18-html": [
      "path---blog-2014-03-14-community-roundup-18-html-f459b32ac67ecb5149d1.js",
      "path---blog-2014-03-14-community-roundup-18-html-f459b32ac67ecb5149d1.js.map"
    ],
    "path---blog-2016-07-11-introducing-reacts-error-code-system-html": [
      "path---blog-2016-07-11-introducing-reacts-error-code-system-html-4d60c91f5a2a0a0a4f8e.js",
      "path---blog-2016-07-11-introducing-reacts-error-code-system-html-4d60c91f5a2a0a0a4f8e.js.map"
    ],
    "path---blog-2014-02-16-react-v-0-9-rc-1-html": [
      "path---blog-2014-02-16-react-v-0-9-rc-1-html-27db37c2c958f2e898e2.js",
      "path---blog-2014-02-16-react-v-0-9-rc-1-html-27db37c2c958f2e898e2.js.map"
    ],
    "component---src-pages-docs-error-decoder-html-js": [
      "component---src-pages-docs-error-decoder-html-js-b869a087dbf6198c0d9d.js",
      "component---src-pages-docs-error-decoder-html-js-b869a087dbf6198c0d9d.js.map"
    ],
    "path---blog-2015-08-11-relay-technical-preview-html": [
      "path---blog-2015-08-11-relay-technical-preview-html-5cd74e9c6fc0c45b9e05.js",
      "path---blog-2015-08-11-relay-technical-preview-html-5cd74e9c6fc0c45b9e05.js.map"
    ],
    "path---docs-codebase-overview-html": [
      "path---docs-codebase-overview-html-cdba2b4c9b19251635f6.js",
      "path---docs-codebase-overview-html-cdba2b4c9b19251635f6.js.map"
    ],
    "path---": [
      "path----557518bd178906f8d58a.js",
      "path----557518bd178906f8d58a.js.map"
    ],
    "path---blog-2015-10-28-react-v-0-14-1-html": [
      "path---blog-2015-10-28-react-v-0-14-1-html-3dbe08c6d89510963e20.js",
      "path---blog-2015-10-28-react-v-0-14-1-html-3dbe08c6d89510963e20.js.map"
    ],
    "path---blog-2017-06-13-react-v-15-6-0-html": [
      "path---blog-2017-06-13-react-v-15-6-0-html-b0ba7e2e9324d96ac39d.js",
      "path---blog-2017-06-13-react-v-15-6-0-html-b0ba7e2e9324d96ac39d.js.map"
    ],
    "path---acknowledgements-html": [
      "path---acknowledgements-html-a0e39f21c11f6a62c5ab.js",
      "path---acknowledgements-html-a0e39f21c11f6a62c5ab.js.map"
    ],
    "path---docs-react-dom-html": [
      "path---docs-react-dom-html-f0e407cf803f94c1e902.js",
      "path---docs-react-dom-html-f0e407cf803f94c1e902.js.map"
    ],
    "component---src-templates-tutorial-js": [
      "component---src-templates-tutorial-js-38c5c0cff6e14551cc7e.js",
      "component---src-templates-tutorial-js-38c5c0cff6e14551cc7e.js.map"
    ],
    "path---docs-faq-styling-html": [
      "path---docs-faq-styling-html-368ecf3a8634cba7ac37.js",
      "path---docs-faq-styling-html-368ecf3a8634cba7ac37.js.map"
    ],
    "path---blog-2015-05-22-react-native-release-process-html": [
      "path---blog-2015-05-22-react-native-release-process-html-9581ff0c13121db9470b.js",
      "path---blog-2015-05-22-react-native-release-process-html-9581ff0c13121db9470b.js.map"
    ],
    "path---docs-react-without-jsx-html": [
      "path---docs-react-without-jsx-html-914060ff3e5ebf18d743.js",
      "path---docs-react-without-jsx-html-914060ff3e5ebf18d743.js.map"
    ],
    "path---blog-2014-09-12-community-round-up-22-html": [
      "path---blog-2014-09-12-community-round-up-22-html-6677227d1554ed2475a1.js",
      "path---blog-2014-09-12-community-round-up-22-html-6677227d1554ed2475a1.js.map"
    ],
    "path---blog-2013-06-19-community-roundup-2-html": [
      "path---blog-2013-06-19-community-roundup-2-html-1d5f0172acbe131c90c5.js",
      "path---blog-2013-06-19-community-roundup-2-html-1d5f0172acbe131c90c5.js.map"
    ],
    "path---blog-2015-03-10-react-v-0-13-html": [
      "path---blog-2015-03-10-react-v-0-13-html-819bda87f6f867a62d95.js",
      "path---blog-2015-03-10-react-v-0-13-html-819bda87f6f867a62d95.js.map"
    ],
    "path---blog-2016-01-12-discontinuing-ie-8-support-html": [
      "path---blog-2016-01-12-discontinuing-ie-8-support-html-779d39e9c041b4fc44fa.js",
      "path---blog-2016-01-12-discontinuing-ie-8-support-html-779d39e9c041b4fc44fa.js.map"
    ],
    "path---blog-2013-08-26-community-roundup-7-html": [
      "path---blog-2013-08-26-community-roundup-7-html-89e88216b22827c53f3c.js",
      "path---blog-2013-08-26-community-roundup-7-html-89e88216b22827c53f3c.js.map"
    ],
    "path---blog-2014-03-28-the-road-to-1-0-html": [
      "path---blog-2014-03-28-the-road-to-1-0-html-ddaeb1f5f2c96bdcdc2d.js",
      "path---blog-2014-03-28-the-road-to-1-0-html-ddaeb1f5f2c96bdcdc2d.js.map"
    ],
    "path---docs-videos-ko-kr-html": [
      "path---docs-videos-ko-kr-html-4c9346f7cc813651e535.js",
      "path---docs-videos-ko-kr-html-4c9346f7cc813651e535.js.map"
    ],
    "path---docs-handling-events-html": [
      "path---docs-handling-events-html-0c45f8728b154acc49fa.js",
      "path---docs-handling-events-html-0c45f8728b154acc49fa.js.map"
    ],
    "path---blog-2014-07-28-community-roundup-20-html": [
      "path---blog-2014-07-28-community-roundup-20-html-a190ba556ddfd12c343f.js",
      "path---blog-2014-07-28-community-roundup-20-html-a190ba556ddfd12c343f.js.map"
    ],
    "path---docs-conferences-ko-kr-html": [
      "path---docs-conferences-ko-kr-html-d98dceca21e9f4fa1e66.js",
      "path---docs-conferences-ko-kr-html-d98dceca21e9f4fa1e66.js.map"
    ],
    "path---docs-reconciliation-html": [
      "path---docs-reconciliation-html-b5feac4cd216c9b5a722.js",
      "path---docs-reconciliation-html-b5feac4cd216c9b5a722.js.map"
    ],
    "path---docs-refs-and-the-dom-html": [
      "path---docs-refs-and-the-dom-html-91414d94d9d5a94b11b1.js",
      "path---docs-refs-and-the-dom-html-91414d94d9d5a94b11b1.js.map"
    ],
    "path---blog-2014-03-19-react-v-0-10-rc-1-html": [
      "path---blog-2014-03-19-react-v-0-10-rc-1-html-65352e5f758859a98b00.js",
      "path---blog-2014-03-19-react-v-0-10-rc-1-html-65352e5f758859a98b00.js.map"
    ],
    "path---docs-implementation-notes-html": [
      "path---docs-implementation-notes-html-57c9058fae3368d41c53.js",
      "path---docs-implementation-notes-html-57c9058fae3368d41c53.js.map"
    ],
    "path---docs-react-component-html": [
      "path---docs-react-component-html-d2b06de28d9eee001ca0.js",
      "path---docs-react-component-html-d2b06de28d9eee001ca0.js.map"
    ],
    "path---docs-react-api-html": [
      "path---docs-react-api-html-f880e31fa47bcdf67b68.js",
      "path---docs-react-api-html-f880e31fa47bcdf67b68.js.map"
    ],
    "path---blog-2017-09-26-react-v-16-0-html": [
      "path---blog-2017-09-26-react-v-16-0-html-1119ce9e12b040b9ff29.js",
      "path---blog-2017-09-26-react-v-16-0-html-1119ce9e12b040b9ff29.js.map"
    ],
    "component---src-templates-community-js": [
      "component---src-templates-community-js-a8b3b1fbb3d3ffa00f15.js",
      "component---src-templates-community-js-a8b3b1fbb3d3ffa00f15.js.map"
    ],
    "path---warnings-invalid-aria-prop-html": [
      "path---warnings-invalid-aria-prop-html-d278ce30785e5be710f5.js",
      "path---warnings-invalid-aria-prop-html-d278ce30785e5be710f5.js.map"
    ],
    "path---blog-2014-12-18-react-v-0-12-2-html": [
      "path---blog-2014-12-18-react-v-0-12-2-html-c63c4a922db84d23dd63.js",
      "path---blog-2014-12-18-react-v-0-12-2-html-c63c4a922db84d23dd63.js.map"
    ],
    "path---blog-2017-09-25-react-v-15-6-2-html": [
      "path---blog-2017-09-25-react-v-15-6-2-html-7c0f1a4a057f155f4729.js",
      "path---blog-2017-09-25-react-v-15-6-2-html-7c0f1a4a057f155f4729.js.map"
    ],
    "path---blog-2014-06-27-community-roundup-19-html": [
      "path---blog-2014-06-27-community-roundup-19-html-5dcef4d8b33392ce8de3.js",
      "path---blog-2014-06-27-community-roundup-19-html-5dcef4d8b33392ce8de3.js.map"
    ],
    "path---docs-examples-html": [
      "path---docs-examples-html-b954384cad5be9ebb7f9.js",
      "path---docs-examples-html-b954384cad5be9ebb7f9.js.map"
    ],
    "path---docs-thinking-in-react-html": [
      "path---docs-thinking-in-react-html-3c022c6ce13f3544d174.js",
      "path---docs-thinking-in-react-html-3c022c6ce13f3544d174.js.map"
    ],
    "path---warnings-dont-call-proptypes-html": [
      "path---warnings-dont-call-proptypes-html-89225fe9311e58c36551.js",
      "path---warnings-dont-call-proptypes-html-89225fe9311e58c36551.js.map"
    ],
    "path---docs-complementary-tools-ko-kr-html": [
      "path---docs-complementary-tools-ko-kr-html-574aa722c32532a87f4f.js",
      "path---docs-complementary-tools-ko-kr-html-574aa722c32532a87f4f.js.map"
    ],
    "path---blog-2016-08-05-relay-state-of-the-state-html": [
      "path---blog-2016-08-05-relay-state-of-the-state-html-34694943a449b40ede84.js",
      "path---blog-2016-08-05-relay-state-of-the-state-html-34694943a449b40ede84.js.map"
    ],
    "path---docs-uncontrolled-components-html": [
      "path---docs-uncontrolled-components-html-bd1a50940a1569da2093.js",
      "path---docs-uncontrolled-components-html-bd1a50940a1569da2093.js.map"
    ],
    "path---blog-2013-06-12-community-roundup-html": [
      "path---blog-2013-06-12-community-roundup-html-9d36d6fd51e9cc58c453.js",
      "path---blog-2013-06-12-community-roundup-html-9d36d6fd51e9cc58c453.js.map"
    ],
    "component---src-layouts-index-js": [
      "component---src-layouts-index-js-0ac7477ca5f80f1f1267.js",
      "component---src-layouts-index-js-0ac7477ca5f80f1f1267.js.map"
    ],
    "path---docs-introducing-jsx-html": [
      "path---docs-introducing-jsx-html-afe040df0157ab0cc9fd.js",
      "path---docs-introducing-jsx-html-afe040df0157ab0cc9fd.js.map"
    ],
    "path---blog-2014-01-06-community-roundup-14-html": [
      "path---blog-2014-01-06-community-roundup-14-html-29a2ffc09497fe7eab34.js",
      "path---blog-2014-01-06-community-roundup-14-html-29a2ffc09497fe7eab34.js.map"
    ],
    "path---docs-dom-elements-html": [
      "path---docs-dom-elements-html-96b8322449840c864a26.js",
      "path---docs-dom-elements-html-96b8322449840c864a26.js.map"
    ],
    "path---blog-2014-05-29-one-year-of-open-source-react-html": [
      "path---blog-2014-05-29-one-year-of-open-source-react-html-e96f23e9dfdc85f596cf.js",
      "path---blog-2014-05-29-one-year-of-open-source-react-html-e96f23e9dfdc85f596cf.js.map"
    ],
    "path---blog-2015-02-24-react-v-0-13-rc-1-html": [
      "path---blog-2015-02-24-react-v-0-13-rc-1-html-6b08e2d5f35a18826647.js",
      "path---blog-2015-02-24-react-v-0-13-rc-1-html-6b08e2d5f35a18826647.js.map"
    ],
    "path---jsx-compiler-html": [
      "path---jsx-compiler-html-a0e39f21c11f6a62c5ab.js",
      "path---jsx-compiler-html-a0e39f21c11f6a62c5ab.js.map"
    ],
    "path---blog-2016-11-16-react-v-15-4-0-html": [
      "path---blog-2016-11-16-react-v-15-4-0-html-80c929eab00288895bcb.js",
      "path---blog-2016-11-16-react-v-15-4-0-html-80c929eab00288895bcb.js.map"
    ],
    "path---blog-2015-05-01-graphql-introduction-html": [
      "path---blog-2015-05-01-graphql-introduction-html-7802f55c0225af50bc66.js",
      "path---blog-2015-05-01-graphql-introduction-html-7802f55c0225af50bc66.js.map"
    ],
    "path---blog-2014-04-04-reactnet-html": [
      "path---blog-2014-04-04-reactnet-html-9d44fd0bafb2d1ccd3ff.js",
      "path---blog-2014-04-04-reactnet-html-9d44fd0bafb2d1ccd3ff.js.map"
    ],
    "path---docs-optimizing-performance-html": [
      "path---docs-optimizing-performance-html-f326722d880375a001c1.js",
      "path---docs-optimizing-performance-html-f326722d880375a001c1.js.map"
    ],
    "path---docs-faq-internals-html": [
      "path---docs-faq-internals-html-73ddf7538bf48d7ae2bb.js",
      "path---docs-faq-internals-html-73ddf7538bf48d7ae2bb.js.map"
    ],
    "path---docs-create-fragment-html": [
      "path---docs-create-fragment-html-96826a3f17634b239d4a.js",
      "path---docs-create-fragment-html-96826a3f17634b239d4a.js.map"
    ],
    "path---warnings-unknown-prop-html": [
      "path---warnings-unknown-prop-html-e0270bb00695ebf4efaf.js",
      "path---warnings-unknown-prop-html-e0270bb00695ebf4efaf.js.map"
    ],
    "path---blog-2013-07-03-community-roundup-4-html": [
      "path---blog-2013-07-03-community-roundup-4-html-2b67106feca51b737f14.js",
      "path---blog-2013-07-03-community-roundup-4-html-2b67106feca51b737f14.js.map"
    ],
    "path---docs-examples-ko-kr-html": [
      "path---docs-examples-ko-kr-html-4ed67c8b43a3f0bc4e60.js",
      "path---docs-examples-ko-kr-html-4ed67c8b43a3f0bc4e60.js.map"
    ],
    "path---blog-2013-08-19-use-react-and-jsx-in-python-applications-html": [
      "path---blog-2013-08-19-use-react-and-jsx-in-python-applications-html-a53ddbf1a40162bf9301.js",
      "path---blog-2013-08-19-use-react-and-jsx-in-python-applications-html-a53ddbf1a40162bf9301.js.map"
    ],
    "path---docs-update-html": [
      "path---docs-update-html-b97bf78cb1c0130c1a5a.js",
      "path---docs-update-html-b97bf78cb1c0130c1a5a.js.map"
    ],
    "path---blog-2013-06-21-react-v-0-3-3-html": [
      "path---blog-2013-06-21-react-v-0-3-3-html-670937a8253ded203a8d.js",
      "path---blog-2013-06-21-react-v-0-3-3-html-670937a8253ded203a8d.js.map"
    ],
    "path---blog-2015-12-18-react-components-elements-and-instances-html": [
      "path---blog-2015-12-18-react-components-elements-and-instances-html-b6ed9d435dec52d6014b.js",
      "path---blog-2015-12-18-react-components-elements-and-instances-html-b6ed9d435dec52d6014b.js.map"
    ],
    "path---docs-conferences-it-it-html": [
      "path---docs-conferences-it-it-html-f7bf7134014a3434d28e.js",
      "path---docs-conferences-it-it-html-f7bf7134014a3434d28e.js.map"
    ],
    "path---blog-2015-08-03-new-react-devtools-beta-html": [
      "path---blog-2015-08-03-new-react-devtools-beta-html-7b21bb0f0b7481589026.js",
      "path---blog-2015-08-03-new-react-devtools-beta-html-7b21bb0f0b7481589026.js.map"
    ],
    "path---blog-2014-03-21-react-v-0-10-html": [
      "path---blog-2014-03-21-react-v-0-10-html-94ef960a301d9bdffcc0.js",
      "path---blog-2014-03-21-react-v-0-10-html-94ef960a301d9bdffcc0.js.map"
    ],
    "path---docs-react-dom-server-html": [
      "path---docs-react-dom-server-html-6d4993bf2779f067f976.js",
      "path---docs-react-dom-server-html-6d4993bf2779f067f976.js.map"
    ],
    "path---docs-components-and-props-html": [
      "path---docs-components-and-props-html-3fd2ebf46d23386c6fe9.js",
      "path---docs-components-and-props-html-3fd2ebf46d23386c6fe9.js.map"
    ],
    "path---docs-lists-and-keys-html": [
      "path---docs-lists-and-keys-html-93d41901a35defc69f1d.js",
      "path---docs-lists-and-keys-html-93d41901a35defc69f1d.js.map"
    ],
    "path---docs-perf-html": [
      "path---docs-perf-html-1c15a03f302a9dfe0836.js",
      "path---docs-perf-html-1c15a03f302a9dfe0836.js.map"
    ],
    "path---docs-portals-html": [
      "path---docs-portals-html-b369c36c729ae5a5a340.js",
      "path---docs-portals-html-b369c36c729ae5a5a340.js.map"
    ],
    "path---index": [
      "path---index-cd2ea52de4be69174aa4.js",
      "path---index-cd2ea52de4be69174aa4.js.map"
    ],
    "path---blog-2015-10-01-react-render-and-top-level-api-html": [
      "path---blog-2015-10-01-react-render-and-top-level-api-html-d9750d9e3a40fce8ceb7.js",
      "path---blog-2015-10-01-react-render-and-top-level-api-html-d9750d9e3a40fce8ceb7.js.map"
    ],
    "path---blog-2017-04-07-react-v-15-5-0-html": [
      "path---blog-2017-04-07-react-v-15-5-0-html-d11100028480cdd6c760.js",
      "path---blog-2017-04-07-react-v-15-5-0-html-d11100028480cdd6c760.js.map"
    ],
    "path---blog-2015-09-14-community-roundup-27-html": [
      "path---blog-2015-09-14-community-roundup-27-html-f0d67e2f98e58d672e2d.js",
      "path---blog-2015-09-14-community-roundup-27-html-f0d67e2f98e58d672e2d.js.map"
    ],
    "path---blog-2016-03-07-react-v-15-rc-1-html": [
      "path---blog-2016-03-07-react-v-15-rc-1-html-38dc169e162e151d92ff.js",
      "path---blog-2016-03-07-react-v-15-rc-1-html-38dc169e162e151d92ff.js.map"
    ],
    "path---blog-2014-10-28-react-v-0-12-html": [
      "path---blog-2014-10-28-react-v-0-12-html-7ac128f7a24b5e344f8d.js",
      "path---blog-2014-10-28-react-v-0-12-html-7ac128f7a24b5e344f8d.js.map"
    ],
    "path---blog-2015-09-10-react-v-0-14-rc-1-html": [
      "path---blog-2015-09-10-react-v-0-14-rc-1-html-96869c5da5aff124eef6.js",
      "path---blog-2015-09-10-react-v-0-14-rc-1-html-96869c5da5aff124eef6.js.map"
    ],
    "path---blog-2015-08-13-reacteurope-roundup-html": [
      "path---blog-2015-08-13-reacteurope-roundup-html-1ceb23820e668fffd6a9.js",
      "path---blog-2015-08-13-reacteurope-roundup-html-1ceb23820e668fffd6a9.js.map"
    ],
    "path---blog-2017-07-26-error-handling-in-react-16-html": [
      "path---blog-2017-07-26-error-handling-in-react-16-html-e57b0f0292639ae25244.js",
      "path---blog-2017-07-26-error-handling-in-react-16-html-e57b0f0292639ae25244.js.map"
    ],
    "path---blog-2015-12-29-react-v-0-14-4-html": [
      "path---blog-2015-12-29-react-v-0-14-4-html-e71caf6761a2ba057052.js",
      "path---blog-2015-12-29-react-v-0-14-4-html-e71caf6761a2ba057052.js.map"
    ],
    "path---docs-complementary-tools-zh-cn-html": [
      "path---docs-complementary-tools-zh-cn-html-579ff224e93c36c19fb7.js",
      "path---docs-complementary-tools-zh-cn-html-579ff224e93c36c19fb7.js.map"
    ],
    "path---blog-2014-10-17-community-roundup-23-html": [
      "path---blog-2014-10-17-community-roundup-23-html-987368b2fc8683075963.js",
      "path---blog-2014-10-17-community-roundup-23-html-987368b2fc8683075963.js.map"
    ],
    "path---blog-2015-12-16-ismounted-antipattern-html": [
      "path---blog-2015-12-16-ismounted-antipattern-html-3e8273fd7ebbc7805a99.js",
      "path---blog-2015-12-16-ismounted-antipattern-html-3e8273fd7ebbc7805a99.js.map"
    ],
    "component---src-pages-acknowledgements-html-js": [
      "component---src-pages-acknowledgements-html-js-62bf44eb50655d7a1215.js",
      "component---src-pages-acknowledgements-html-js-62bf44eb50655d7a1215.js.map"
    ],
    "path---docs-error-decoder-html": [
      "path---docs-error-decoder-html-6b5580533d0936d3d1f3.js",
      "path---docs-error-decoder-html-6b5580533d0936d3d1f3.js.map"
    ],
    "component---src-pages-404-js": [
      "component---src-pages-404-js-84e889a1a76ca8121e31.js",
      "component---src-pages-404-js-84e889a1a76ca8121e31.js.map"
    ],
    "path---docs-faq-state-html": [
      "path---docs-faq-state-html-6b5da24d3b8c1bd43e6e.js",
      "path---docs-faq-state-html-6b5da24d3b8c1bd43e6e.js.map"
    ],
    "path---blog-2014-02-24-community-roundup-17-html": [
      "path---blog-2014-02-24-community-roundup-17-html-45cce70dc4996f82139a.js",
      "path---blog-2014-02-24-community-roundup-17-html-45cce70dc4996f82139a.js.map"
    ],
    "component---src-pages-jsx-compiler-html-js": [
      "component---src-pages-jsx-compiler-html-js-0542de3db0018f2181e2.js",
      "component---src-pages-jsx-compiler-html-js-0542de3db0018f2181e2.js.map"
    ],
    "path---blog-2014-02-20-react-v-0-9-html": [
      "path---blog-2014-02-20-react-v-0-9-html-3db843901552e9650cb6.js",
      "path---blog-2014-02-20-react-v-0-9-html-3db843901552e9650cb6.js.map"
    ],
    "commons": [
      "commons-ec1dfc5840424987d66b.js",
      "commons-ec1dfc5840424987d66b.js.map"
    ],
    "path---blog-2015-03-19-building-the-facebook-news-feed-with-relay-html": [
      "path---blog-2015-03-19-building-the-facebook-news-feed-with-relay-html-d8881bea0451566224d5.js",
      "path---blog-2015-03-19-building-the-facebook-news-feed-with-relay-html-d8881bea0451566224d5.js.map"
    ],
    "path---blog-2015-02-20-introducing-relay-and-graphql-html": [
      "path---blog-2015-02-20-introducing-relay-and-graphql-html-9f80844fd9535a22e66d.js",
      "path---blog-2015-02-20-introducing-relay-and-graphql-html-9f80844fd9535a22e66d.js.map"
    ],
    "path---docs-jsx-in-depth-html": [
      "path---docs-jsx-in-depth-html-6fadf80eafe76d877922.js",
      "path---docs-jsx-in-depth-html-6fadf80eafe76d877922.js.map"
    ],
    "path---docs-hello-world-html": [
      "path---docs-hello-world-html-6b3ff38eba21413e8196.js",
      "path---docs-hello-world-html-6b3ff38eba21413e8196.js.map"
    ],
    "path---docs-conditional-rendering-html": [
      "path---docs-conditional-rendering-html-ce66932c7cdf6f5caec0.js",
      "path---docs-conditional-rendering-html-ce66932c7cdf6f5caec0.js.map"
    ],
    "path---docs-composition-vs-inheritance-html": [
      "path---docs-composition-vs-inheritance-html-a531a3d9c16a1202d9d6.js",
      "path---docs-composition-vs-inheritance-html-a531a3d9c16a1202d9d6.js.map"
    ],
    "path---404-html": [
      "path---404-html-a0e39f21c11f6a62c5ab.js",
      "path---404-html-a0e39f21c11f6a62c5ab.js.map"
    ],
    "path---community-conferences-html": [
      "path---community-conferences-html-75d13162db1fce97218b.js",
      "path---community-conferences-html-75d13162db1fce97218b.js.map"
    ],
    "path---blog-2016-01-08-a-implies-b-does-not-imply-b-implies-a-html": [
      "path---blog-2016-01-08-a-implies-b-does-not-imply-b-implies-a-html-e4b62f1f3318d6877eba.js",
      "path---blog-2016-01-08-a-implies-b-does-not-imply-b-implies-a-html-e4b62f1f3318d6877eba.js.map"
    ],
    "path---docs-installation-html": [
      "path---docs-installation-html-5feedba89769162497c4.js",
      "path---docs-installation-html-5feedba89769162497c4.js.map"
    ],
    "path---blog-2013-07-23-community-roundup-5-html": [
      "path---blog-2013-07-23-community-roundup-5-html-e264b9aefdf754c52949.js",
      "path---blog-2013-07-23-community-roundup-5-html-e264b9aefdf754c52949.js.map"
    ],
    "path---blog-2013-12-23-community-roundup-12-html": [
      "path---blog-2013-12-23-community-roundup-12-html-b8659278bbf57373273a.js",
      "path---blog-2013-12-23-community-roundup-12-html-b8659278bbf57373273a.js.map"
    ],
    "path---docs-javascript-environment-requirements-html": [
      "path---docs-javascript-environment-requirements-html-de43bdbd215a346e255a.js",
      "path---docs-javascript-environment-requirements-html-de43bdbd215a346e255a.js.map"
    ],
    "path---blog-2017-09-08-dom-attributes-in-react-16-html": [
      "path---blog-2017-09-08-dom-attributes-in-react-16-html-91d1486b9b811ecf307c.js",
      "path---blog-2017-09-08-dom-attributes-in-react-16-html-91d1486b9b811ecf307c.js.map"
    ],
    "path---blog-2015-03-30-community-roundup-26-html": [
      "path---blog-2015-03-30-community-roundup-26-html-491eb61ee7c6e8318463.js",
      "path---blog-2015-03-30-community-roundup-26-html-491eb61ee7c6e8318463.js.map"
    ],
    "path---blog-2013-07-02-react-v-0-4-autobind-by-default-html": [
      "path---blog-2013-07-02-react-v-0-4-autobind-by-default-html-5ea8d0c259927bc6e531.js",
      "path---blog-2013-07-02-react-v-0-4-autobind-by-default-html-5ea8d0c259927bc6e531.js.map"
    ],
    "path---docs-faq-ajax-html": [
      "path---docs-faq-ajax-html-455243347945ad235a5e.js",
      "path---docs-faq-ajax-html-455243347945ad235a5e.js.map"
    ],
    "path---docs-shallow-renderer-html": [
      "path---docs-shallow-renderer-html-3f189516eedc49f94dc0.js",
      "path---docs-shallow-renderer-html-3f189516eedc49f94dc0.js.map"
    ],
    "path---blog-2014-07-25-react-v-0-11-1-html": [
      "path---blog-2014-07-25-react-v-0-11-1-html-a3aa4d09fa91f3fcb314.js",
      "path---blog-2014-07-25-react-v-0-11-1-html-a3aa4d09fa91f3fcb314.js.map"
    ],
    "path---blog-2016-02-19-new-versioning-scheme-html": [
      "path---blog-2016-02-19-new-versioning-scheme-html-a4a034b8406eec83053a.js",
      "path---blog-2016-02-19-new-versioning-scheme-html-a4a034b8406eec83053a.js.map"
    ],
    "path---docs-context-html": [
      "path---docs-context-html-cc244bdc3e7da13917db.js",
      "path---docs-context-html-cc244bdc3e7da13917db.js.map"
    ],
    "path---blog-2014-12-19-react-js-conf-diversity-scholarship-html": [
      "path---blog-2014-12-19-react-js-conf-diversity-scholarship-html-29bbd7eabdb62552a7fc.js",
      "path---blog-2014-12-19-react-js-conf-diversity-scholarship-html-29bbd7eabdb62552a7fc.js.map"
    ],
    "path---blog-2017-07-26-error-handle-in-react-16-html": [
      "path---blog-2017-07-26-error-handle-in-react-16-html-42bd4e25be3550a570f4.js",
      "path---blog-2017-07-26-error-handle-in-react-16-html-42bd4e25be3550a570f4.js.map"
    ],
    "path---blog-2015-12-04-react-js-conf-2016-diversity-scholarship-html": [
      "path---blog-2015-12-04-react-js-conf-2016-diversity-scholarship-html-0bf341358a7cdc098977.js",
      "path---blog-2015-12-04-react-js-conf-2016-diversity-scholarship-html-0bf341358a7cdc098977.js.map"
    ],
    "path---blog-2014-09-24-testing-flux-applications-html": [
      "path---blog-2014-09-24-testing-flux-applications-html-e8b82b72fc4eb4069d72.js",
      "path---blog-2014-09-24-testing-flux-applications-html-e8b82b72fc4eb4069d72.js.map"
    ],
    "path---blog-2014-10-14-introducing-react-elements-html": [
      "path---blog-2014-10-14-introducing-react-elements-html-54eed8dfba91fac2ead8.js",
      "path---blog-2014-10-14-introducing-react-elements-html-54eed8dfba91fac2ead8.js.map"
    ],
    "path---blog-2013-10-3-community-roundup-9-html": [
      "path---blog-2013-10-3-community-roundup-9-html-2735ac11e0c9cbebca00.js",
      "path---blog-2013-10-3-community-roundup-9-html-2735ac11e0c9cbebca00.js.map"
    ],
    "path---docs-rendering-elements-html": [
      "path---docs-rendering-elements-html-a92b360f4e7404e25c96.js",
      "path---docs-rendering-elements-html-a92b360f4e7404e25c96.js.map"
    ],
    "path---warnings-legacy-factories-html": [
      "path---warnings-legacy-factories-html-fd75c6983d9ca6d3fbb6.js",
      "path---warnings-legacy-factories-html-fd75c6983d9ca6d3fbb6.js.map"
    ],
    "path---blog-2013-07-30-use-react-and-jsx-in-ruby-on-rails-html": [
      "path---blog-2013-07-30-use-react-and-jsx-in-ruby-on-rails-html-f940fc4838bed683955a.js",
      "path---blog-2013-07-30-use-react-and-jsx-in-ruby-on-rails-html-f940fc4838bed683955a.js.map"
    ],
    "path---docs-state-and-lifecycle-html": [
      "path---docs-state-and-lifecycle-html-549fefd76300ef913715.js",
      "path---docs-state-and-lifecycle-html-549fefd76300ef913715.js.map"
    ],
    "path---blog-2015-06-12-deprecating-jstransform-and-react-tools-html": [
      "path---blog-2015-06-12-deprecating-jstransform-and-react-tools-html-529ffde9717666671887.js",
      "path---blog-2015-06-12-deprecating-jstransform-and-react-tools-html-529ffde9717666671887.js.map"
    ],
    "path---blog-2014-02-15-community-roundup-16-html": [
      "path---blog-2014-02-15-community-roundup-16-html-d12a627c5037c9d183a9.js",
      "path---blog-2014-02-15-community-roundup-16-html-d12a627c5037c9d183a9.js.map"
    ],
    "path---warnings-special-props-html": [
      "path---warnings-special-props-html-d748bfdfa1dad67ffedb.js",
      "path---warnings-special-props-html-d748bfdfa1dad67ffedb.js.map"
    ],
    "path---blog-2015-11-02-react-v-0-14-2-html": [
      "path---blog-2015-11-02-react-v-0-14-2-html-85e166da7c37208200e9.js",
      "path---blog-2015-11-02-react-v-0-14-2-html-85e166da7c37208200e9.js.map"
    ],
    "path---blog-2015-04-18-react-v-0-13-2-html": [
      "path---blog-2015-04-18-react-v-0-13-2-html-b430d1b699d3a561e5a3.js",
      "path---blog-2015-04-18-react-v-0-13-2-html-b430d1b699d3a561e5a3.js.map"
    ],
    "path---docs-pure-render-mixin-html": [
      "path---docs-pure-render-mixin-html-42d7b9c6a33439dee1f3.js",
      "path---docs-pure-render-mixin-html-42d7b9c6a33439dee1f3.js.map"
    ],
    "path---blog-2014-11-25-community-roundup-24-html": [
      "path---blog-2014-11-25-community-roundup-24-html-c443e1c910b7afd68aba.js",
      "path---blog-2014-11-25-community-roundup-24-html-c443e1c910b7afd68aba.js.map"
    ],
    "path---blog-2013-09-24-community-roundup-8-html": [
      "path---blog-2013-09-24-community-roundup-8-html-324054816396bc8fa16b.js",
      "path---blog-2013-09-24-community-roundup-8-html-324054816396bc8fa16b.js.map"
    ],
    "path---docs-videos-it-it-html": [
      "path---docs-videos-it-it-html-05c838218d13d238543d.js",
      "path---docs-videos-it-it-html-05c838218d13d238543d.js.map"
    ],
    "path---blog-2015-09-02-new-react-developer-tools-html": [
      "path---blog-2015-09-02-new-react-developer-tools-html-4188b723d95bf152c076.js",
      "path---blog-2015-09-02-new-react-developer-tools-html-4188b723d95bf152c076.js.map"
    ],
    "path---docs-addons-html": [
      "path---docs-addons-html-2994ab335f69f2b2ee90.js",
      "path---docs-addons-html-2994ab335f69f2b2ee90.js.map"
    ],
    "path---docs-fragments-html": [
      "path---docs-fragments-html-d360d50c20216eaedc9a.js",
      "path---docs-fragments-html-d360d50c20216eaedc9a.js.map"
    ],
    "path---blog-2015-03-04-community-roundup-25-html": [
      "path---blog-2015-03-04-community-roundup-25-html-97a4dfb2e049316388cb.js",
      "path---blog-2015-03-04-community-roundup-25-html-97a4dfb2e049316388cb.js.map"
    ],
    "path---blog-2014-08-03-community-roundup-21-html": [
      "path---blog-2014-08-03-community-roundup-21-html-25c5a28a9539eca7cb56.js",
      "path---blog-2014-08-03-community-roundup-21-html-25c5a28a9539eca7cb56.js.map"
    ],
    "path---blog-2013-07-26-react-v-0-4-1-html": [
      "path---blog-2013-07-26-react-v-0-4-1-html-77c10f3ea95f9d135d12.js",
      "path---blog-2013-07-26-react-v-0-4-1-html-77c10f3ea95f9d135d12.js.map"
    ],
    "path---docs-examples-zh-cn-html": [
      "path---docs-examples-zh-cn-html-eab036bf8ef2fc58688e.js",
      "path---docs-examples-zh-cn-html-eab036bf8ef2fc58688e.js.map"
    ],
    "path---docs-web-components-html": [
      "path---docs-web-components-html-c48f9fbc7d2fd115adb8.js",
      "path---docs-web-components-html-c48f9fbc7d2fd115adb8.js.map"
    ],
    "app": [
      "app-8c4d40faf2dd560fa42e.js",
      "build-js-styles.css",
      "app-8c4d40faf2dd560fa42e.js.map",
      "build-js-styles.css.map"
    ],
    "path---docs-shallow-compare-html": [
      "path---docs-shallow-compare-html-7d20a99ffd740f5b382d.js",
      "path---docs-shallow-compare-html-7d20a99ffd740f5b382d.js.map"
    ],
    "path---blog-2015-02-24-streamlining-react-elements-html": [
      "path---blog-2015-02-24-streamlining-react-elements-html-2e2b7e9bc469bef2bd67.js",
      "path---blog-2015-02-24-streamlining-react-elements-html-2e2b7e9bc469bef2bd67.js.map"
    ],
    "path---blog-2015-10-07-react-v-0-14-html": [
      "path---blog-2015-10-07-react-v-0-14-html-f3466e753767074e8268.js",
      "path---blog-2015-10-07-react-v-0-14-html-f3466e753767074e8268.js.map"
    ],
    "path---blog-2016-03-16-react-v-15-rc-2-html": [
      "path---blog-2016-03-16-react-v-15-rc-2-html-844a882611261fbb09d6.js",
      "path---blog-2016-03-16-react-v-15-rc-2-html-844a882611261fbb09d6.js.map"
    ],
    "component---src-templates-docs-js": [
      "component---src-templates-docs-js-c1e0325350dce755876a.js",
      "component---src-templates-docs-js-c1e0325350dce755876a.js.map"
    ],
    "path---docs-faq-functions-html": [
      "path---docs-faq-functions-html-b68f9d41118c2c7da320.js",
      "path---docs-faq-functions-html-b68f9d41118c2c7da320.js.map"
    ],
    "path---docs-faq-build-html": [
      "path---docs-faq-build-html-98bbf9d7df54e45a3149.js",
      "path---docs-faq-build-html-98bbf9d7df54e45a3149.js.map"
    ],
    "path---community-videos-html": [
      "path---community-videos-html-d0b85936583d2f8f5400.js",
      "path---community-videos-html-d0b85936583d2f8f5400.js.map"
    ],
    "path---docs-accessibility-html": [
      "path---docs-accessibility-html-e5f23d4880e54d343147.js",
      "path---docs-accessibility-html-e5f23d4880e54d343147.js.map"
    ],
    "path---blog-2013-06-05-why-react-html": [
      "path---blog-2013-06-05-why-react-html-1355ef830eff5439a2c8.js",
      "path---blog-2013-06-05-why-react-html-1355ef830eff5439a2c8.js.map"
    ],
    "path---blog-2016-07-22-create-apps-with-no-configuration-html": [
      "path---blog-2016-07-22-create-apps-with-no-configuration-html-5dabc92ab53b4a69c30e.js",
      "path---blog-2016-07-22-create-apps-with-no-configuration-html-5dabc92ab53b4a69c30e.js.map"
    ],
    "path---blog-2013-07-17-react-v-0-4-0-html": [
      "path---blog-2013-07-17-react-v-0-4-0-html-07b810d853f80663e117.js",
      "path---blog-2013-07-17-react-v-0-4-0-html-07b810d853f80663e117.js.map"
    ],
    "path---blog-2013-12-18-react-v-0-5-2-v-0-4-2-html": [
      "path---blog-2013-12-18-react-v-0-5-2-v-0-4-2-html-d5027ddbdfa38d21f922.js",
      "path---blog-2013-12-18-react-v-0-5-2-v-0-4-2-html-d5027ddbdfa38d21f922.js.map"
    ],
    "path---blog-2015-02-18-react-conf-roundup-2015-html": [
      "path---blog-2015-02-18-react-conf-roundup-2015-html-de1a460cda4ced4a9b77.js",
      "path---blog-2015-02-18-react-conf-roundup-2015-html-de1a460cda4ced4a9b77.js.map"
    ],
    "path---blog-all-html": [
      "path---blog-all-html-ac095ae97fc58f31e9a5.js",
      "path---blog-all-html-ac095ae97fc58f31e9a5.js.map"
    ],
    "path---blog-2014-07-13-react-v-0-11-rc-1-html": [
      "path---blog-2014-07-13-react-v-0-11-rc-1-html-39daf732106fc8a97a4c.js",
      "path---blog-2014-07-13-react-v-0-11-rc-1-html-39daf732106fc8a97a4c.js.map"
    ],
    "path---docs-events-html": [
      "path---docs-events-html-152f236e2e7ef060ae97.js",
      "path---docs-events-html-152f236e2e7ef060ae97.js.map"
    ],
    "path---blog-2015-03-26-introducing-react-native-html": [
      "path---blog-2015-03-26-introducing-react-native-html-b0f891e7baaa3dc20205.js",
      "path---blog-2015-03-26-introducing-react-native-html-b0f891e7baaa3dc20205.js.map"
    ],
    "path---blog-2013-07-11-react-v-0-4-prop-validation-and-default-values-html": [
      "path---blog-2013-07-11-react-v-0-4-prop-validation-and-default-values-html-7e2c73f4b57c30024f38.js",
      "path---blog-2013-07-11-react-v-0-4-prop-validation-and-default-values-html-7e2c73f4b57c30024f38.js.map"
    ],
    "path---blog-2013-06-02-jsfiddle-integration-html": [
      "path---blog-2013-06-02-jsfiddle-integration-html-cd43d6f4dcaf9f8ca276.js",
      "path---blog-2013-06-02-jsfiddle-integration-html-cd43d6f4dcaf9f8ca276.js.map"
    ],
    "path---404": [
      "path---404-a0e39f21c11f6a62c5ab.js",
      "path---404-a0e39f21c11f6a62c5ab.js.map"
    ],
    "path---blog-2016-04-08-react-v-15-0-1-html": [
      "path---blog-2016-04-08-react-v-15-0-1-html-221a3b6bbae7a46b1a2c.js",
      "path---blog-2016-04-08-react-v-15-0-1-html-221a3b6bbae7a46b1a2c.js.map"
    ],
    "path---blog-2015-05-08-react-v-0-13-3-html": [
      "path---blog-2015-05-08-react-v-0-13-3-html-9e78b469f37cdcfc606e.js",
      "path---blog-2015-05-08-react-v-0-13-3-html-9e78b469f37cdcfc606e.js.map"
    ],
    "path---warnings-refs-must-have-owner-html": [
      "path---warnings-refs-must-have-owner-html-35a32dd50e3f059d2660.js",
      "path---warnings-refs-must-have-owner-html-35a32dd50e3f059d2660.js.map"
    ],
    "path---docs-examples-it-it-html": [
      "path---docs-examples-it-it-html-f0957ba10ff73f75ca50.js",
      "path---docs-examples-it-it-html-f0957ba10ff73f75ca50.js.map"
    ],
    "path---blog-2013-10-16-react-v-0-5-0-html": [
      "path---blog-2013-10-16-react-v-0-5-0-html-0106d7e2c210688d662b.js",
      "path---blog-2013-10-16-react-v-0-5-0-html-0106d7e2c210688d662b.js.map"
    ],
    "path---blog-2017-12-07-introducing-the-react-rfc-process-html": [
      "path---blog-2017-12-07-introducing-the-react-rfc-process-html-732c274e673e91270d54.js",
      "path---blog-2017-12-07-introducing-the-react-rfc-process-html-732c274e673e91270d54.js.map"
    ],
    "path---blog-2013-12-30-community-roundup-13-html": [
      "path---blog-2013-12-30-community-roundup-13-html-db363e2a38cffec6ae5b.js",
      "path---blog-2013-12-30-community-roundup-13-html-db363e2a38cffec6ae5b.js.map"
    ],
    "path---blog-2014-01-02-react-chrome-developer-tools-html": [
      "path---blog-2014-01-02-react-chrome-developer-tools-html-151b8421e00366717d38.js",
      "path---blog-2014-01-02-react-chrome-developer-tools-html-151b8421e00366717d38.js.map"
    ],
    "path---docs-two-way-binding-helpers-html": [
      "path---docs-two-way-binding-helpers-html-14fe34cc45f1a3b5b7fb.js",
      "path---docs-two-way-binding-helpers-html-14fe34cc45f1a3b5b7fb.js.map"
    ],
    "component---src-pages-blog-all-html-js": [
      "component---src-pages-blog-all-html-js-0da56a24e744ca943a80.js",
      "component---src-pages-blog-all-html-js-0da56a24e744ca943a80.js.map"
    ],
    "path---blog-2014-09-03-introducing-the-jsx-specification-html": [
      "path---blog-2014-09-03-introducing-the-jsx-specification-html-81782cbcbc293dc2589d.js",
      "path---blog-2014-09-03-introducing-the-jsx-specification-html-81782cbcbc293dc2589d.js.map"
    ],
    "component---src-templates-home-js": [
      "component---src-templates-home-js-edbaf2c9f568caeab800.js",
      "component---src-templates-home-js-edbaf2c9f568caeab800.js.map"
    ],
    "path---blog-2017-11-28-react-v-16-2-0-fragment-support-html": [
      "path---blog-2017-11-28-react-v-16-2-0-fragment-support-html-addef8d31072a1b59236.js",
      "path---blog-2017-11-28-react-v-16-2-0-fragment-support-html-addef8d31072a1b59236.js.map"
    ],
    "path---blog-2013-10-29-react-v-0-5-1-html": [
      "path---blog-2013-10-29-react-v-0-5-1-html-e3bb3bcd58da1ef5de0b.js",
      "path---blog-2013-10-29-react-v-0-5-1-html-e3bb3bcd58da1ef5de0b.js.map"
    ],
    "path---blog-2016-03-29-react-v-0-14-8-html": [
      "path---blog-2016-03-29-react-v-0-14-8-html-b8d947e74e8392ff30fc.js",
      "path---blog-2016-03-29-react-v-0-14-8-html-b8d947e74e8392ff30fc.js.map"
    ],
    "path---docs-complementary-tools-html": [
      "path---docs-complementary-tools-html-ee61b7b25d2ccce72649.js",
      "path---docs-complementary-tools-html-ee61b7b25d2ccce72649.js.map"
    ],
    "path---blog-2015-01-27-react-v-0-13-0-beta-1-html": [
      "path---blog-2015-01-27-react-v-0-13-0-beta-1-html-0ec0da5f22ae060c8d61.js",
      "path---blog-2015-01-27-react-v-0-13-0-beta-1-html-0ec0da5f22ae060c8d61.js.map"
    ],
    "path---blog-2015-07-03-react-v-0-14-beta-1-html": [
      "path---blog-2015-07-03-react-v-0-14-beta-1-html-c033897abc56fd08a98b.js",
      "path---blog-2015-07-03-react-v-0-14-beta-1-html-c033897abc56fd08a98b.js.map"
    ],
    "path---docs-test-utils-html": [
      "path---docs-test-utils-html-3121c00bae4544561627.js",
      "path---docs-test-utils-html-3121c00bae4544561627.js.map"
    ],
    "path---docs-static-type-checking-html": [
      "path---docs-static-type-checking-html-0bb9612f3cc7d4f93a72.js",
      "path---docs-static-type-checking-html-0bb9612f3cc7d4f93a72.js.map"
    ]
  }
}